url,name,address,city,state,phone
http://www.idahofallsaccounting.com/,Affordable Accounting Services,"îƒˆ2810 Ross Cir, Ammon, ID 83406",Ammon,ID,î‚°(208) 200-0190
https://www.thepeltzcompany.com/,The Peltz Company,"îƒˆ16070 N Idaho Center Blvd, Nampa, ID 83687",Nampa,ID,î‚°(208) 465-4864
https://kvtax.feddir.net/,Kootenai Valley Tax,"îƒˆ501 E Missoula Ave, Troy, MT 59935",Troy,MT,î‚°(406) 295-7900
http://treasurevalleycpa.com/,Treasure Valley CPA,"îƒˆ119 E Calderwood Dr #101, Meridian, ID 83642",Meridian,ID,î‚°(208) 322-0720
http://www.lightnerandstickel.com/,Lightner & Stickel CPAs,"îƒˆ331 S Market St, Troy, OH 45373",Troy,OH,î‚°(937) 339-9630
https://www.sbcpaohio.com/,"Sam Brown, CPA, Inc.","îƒˆ28 S Weston Rd e, Troy, OH 45373",Troy,OH,î‚°(937) 875-9510
http://www.rdcpa.com/,Ripley Doorn & Company PLLC,"îƒˆ1140 S Allante Ave, Boise, ID 83709",Boise,ID,î‚°(208) 375-0550
https://www.aarwcpa.com/,Arritt Robins Waters Cpas,"îƒˆ1734 Overland Ave, Burley, ID 83318",Burley,ID,î‚°(208) 678-9014
http://gpricecpa.com/,Price Dayley & Associates PLLP,"îƒˆ2058 Overland Ave, Burley, ID 83318",Burley,ID,î‚°(208) 878-9000
http://www.drs-co.com/,Daniel R Sutherly & Co Inc,"îƒˆ203 E Main St, Troy, OH 45373",Troy,OH,î‚°(937) 335-5837
https://www.dallairdcpa.com/,Christopher D'Allaird CPA,"îƒˆ261 Pawling Ave Suite 2N, Troy, NY 12180",Troy,NY,î‚°(518) 238-6815
https://www.coeurdaleneaccountant.com/,"Chatters, Metzger & Co., PLLC","îƒˆ243 W Sunset Ave, Coeur d'Alene, ID 83815",Coeur d'Alene,ID,î‚°(208) 415-0311
http://www.strattoncpa.com/,Stratton & Associates,"îƒˆ398 S 9th St Ste 290, Boise, ID 83702",Boise,ID,î‚°(208) 336-4953
https://westviewcpa.com/,Westview Tax & Accounting LLC,,Troy,ID,î‚°(208) 446-5523
http://www.robbinsarmstrong.com/,"Robbins & Armstrong, LLP","îƒˆ450 E State St STE 140, Eagle, ID 83616",Eagle,ID,î‚°(208) 939-1995
http://cdaaccounting.com/,Coeur d'Alene Accounting,"îƒˆ610 Hubbard Ave #201, Coeur d'Alene, ID 83814",Coeur d'Alene,ID,î‚°(208) 415-1850
https://olsencpa.com/,Results,"îƒˆ132 SW 5th Ave #100, Meridian, ID 83642",Meridian,ID,î‚°(208) 888-1595
http://genesisaccountingpllc.com/,Results,,Troy,ID,î‚°(208) 856-8222
https://hahncpa.com/,Results,"îƒˆ379 E Shore Dr, Eagle, ID 83616",Eagle,ID,î‚°(208) 323-8322
http://www.hahncpa.com/,Results,"îƒˆ379 E Shore Dr # 100, Eagle, ID 83616",Eagle,ID,î‚°(208) 888-1830
http://www.mowercpa.com/,Results,"îƒˆ1833 S Millennium Way Ste 100, Meridian, ID 83642",Meridian,ID,î‚°(208) 342-5905
